Job Title,Company,Location,Min Salary,Max Salary,Retrieved Date,Last Appearance
SOFTWARE DEVELOPER,ONSEMI,"WATERLOO, ON",,,2023-10-04,2023-10-11
PRINCIPAL IT SOFTWARE ENGINEER,OPEN TEXT CORPORATION,"WATERLOO, ON",90589.0,114706.0,2023-10-04,2023-11-22
SENIOR MOBILE DEVELOPER,SUN LIFE,"WATERLOO, ON",,,2023-10-04,2023-11-08
"MANAGER, SOFTWARE DEVELOPMENT",D2L,"KITCHENER, ON",102763.0,130122.0,2023-10-04,2023-11-08
SENIOR CLOUD ENGINEER,ONTARIO HEALTH,VARIOUS LOCATIONS,92823.0,117535.0,2023-10-04,2023-11-08
SENIOR DEVOPS ENGINEER,ISG SEARCH INC,VARIOUS LOCATIONS,98974.0,125323.0,2023-10-04,2023-10-18
SENIOR INDUSTRIAL SIMULATION DEVELOPER,CLEARPATH INC.,"KITCHENER, ON",87699.0,111046.0,2023-10-04,2023-10-11
BUSINESS DEVELOPMENT MANAGER,MEDA,"WATERLOO, ON",79422.0,100566.0,2023-10-04,2023-11-22
CNC 5TH AXIS MACHINIST/PROGRAMMER,NOVY MANUFACTURING INC.,"WATERLOO, ON",,,2023-10-04,2023-11-15
SOFTWARE ENGINEER – DEVOPS,MAGNET FORENSICS,"WATERLOO, ON",81036.0,102610.0,2023-10-04,2023-10-25
SENIOR PRODUCT SECURITY & CLOUD SECURITY ENGINEER,SIEMENS,"KITCHENER, ON",101415.0,128414.0,2023-10-04,2023-11-22
"SENIOR TEAM LEAD, SOFTWARE DEVELOPMENT",GEOTAB,"WATERLOO, ON",107422.0,136020.0,2023-10-04,2023-11-08
SENIOR CLOUD ENGINEER,SUN LIFE,"WATERLOO, ON",,,2023-10-04,2023-10-11
SR. SOFTWARE DEVELOPER- SHORT-TERM CONTRACT,APPLYBOARD,"KITCHENER, ON",77458.0,98079.0,2023-10-04,2023-11-08
SENIOR TECHNICAL PROGRAM MANAGER,SIEMENS,"KITCHENER, ON",108182.0,136983.0,2023-10-04,2023-10-04
"CHIEF ARCHITECT, CLOUD & CYBERSECURITY","CANON MEDICAL INFORMATICS, INC.","WATERLOO, ON",77166.0,97710.0,2023-10-04,2023-11-15
SR. PRINCIPAL SOFTWARE ARCHITECT,OPENTEXT,"WATERLOO, ON",111782.0,141540.0,2023-10-04,2023-11-01
COMPUTER NUMERICAL CONTROL (CNC) MASTERCAM PROGRAMMER,HJ MACHINE & PATTERN 2016 LTD,"WATERLOO, ON",,,2023-10-04,2023-10-04
SENIOR CONTROLS SYSTEM SOFTWARE DESIGNER,ATS AUTOMATION TOOLING SYSTEMS,"CAMBRIDGE, ON",71279.0,90255.0,2023-10-04,2023-11-22
SENIOR ASP.NET APPLICATION DEVELOPER,RKD WEB STUDIOS,"GUELPH, ON",72638.0,91976.0,2023-10-04,2023-11-22
"SENIOR .NET FULL STACK DEVELOPER (ONSITE CAMBRIDGE, ON)",VECTORVUE,"KITCHENER, ON",,,2023-10-04,2023-10-25
CNC LATHE MACHINIST/PROGRAMMER,NOVY MANUFACTURING INC.,"WATERLOO, ON",,,2023-10-04,2023-10-25
CONTROLS SYSTEM SOFTWARE DESIGNER- SENIOR,ATS AUTOMATION TOOLING SYSTEMS,"CAMBRIDGE, ON",73339.0,92863.0,2023-10-04,2023-11-08
ELECTRICAL/CONTROLS DEVELOPER,ISN TECHNOLOGIES,"WATERLOO, ON",75447.0,95532.0,2023-10-04,2023-11-22
SENIOR/INTERMEDIATE UNIX/LINUX DEVELOPER,BICDROID INC.,"WATERLOO, ON",74269.0,94042.0,2023-10-04,2023-11-22
CNC PROGRAMMING SPECIALIST,IN-HOUSE SOLUTIONS,"KITCHENER, ON",75093.0,95084.0,2023-10-04,2023-10-04
SR. SITE RELIABILITY ADMINISTRATOR,OPENTEXT,"WATERLOO, ON",97291.0,123192.0,2023-10-04,2023-11-22
MONITORING TOOLS SPECIALIST (SITESCOPE+),OPENTEXT,"WATERLOO, ON",58861.0,74531.0,2023-10-04,2023-10-11
LEAD EMBEDDED SOFTWARE DEVELOPER,MOLEX,"WATERLOO, ON",102585.0,129896.0,2023-10-04,2023-11-22
LEAD NETWORK ADMINISTRATOR,OPEN TEXT CORPORATION,"WATERLOO, ON",91271.0,115569.0,2023-10-04,2023-10-11
TEMENOS T24 DEVELOPER (REMOTE),HVN SOLUTIONS,"WATERLOO, ON",106539.0,134902.0,2023-10-04,2023-11-22
ASSOCIATE PRODUCT SUPPORT SPECIALIST,OPENTEXT,"WATERLOO, ON",52799.0,66856.0,2023-10-04,2023-11-08
SENIOR TEST AUTOMATION DEVELOPER,LOGISENSE CORPORATION,"KITCHENER, ON",106510.0,134865.0,2023-10-04,2023-11-01
SENIOR DIRECT3D SOFTWARE DEVELOPER,ALLUDO,"WATERLOO, ON",109785.0,139013.0,2023-10-04,2023-11-22
PRINCIPAL SOFTWARE DEVELOPER,OPEN TEXT CORPORATION,"WATERLOO, ON",84110.0,106502.0,2023-10-04,2023-10-11
SENIOR SOFTWARE DEVELOPER,EUNA SOLUTIONS,"KITCHENER, ON",100683.0,127487.0,2023-10-04,2023-10-11
PRINCIPAL SOFTWARE DEVELOPER,OPENTEXT,"WATERLOO, ON",84110.0,106502.0,2023-10-04,2023-10-11
"EDUCATIONAL DEVELOPER, INDIGENOUS KNOWLEDGES",UNIVERSITY OF WATERLOO,"WATERLOO, ON",70507.0,89278.0,2023-10-04,2023-11-01
SENIOR SOFTWARE ENGINEER – PLATFORM,MAGNET FORENSICS,"WATERLOO, ON",102176.0,129378.0,2023-10-04,2023-10-04
PRINCIPAL IT SOFTWARE ENGINEER,OPENTEXT,"WATERLOO, ON",90589.0,114706.0,2023-10-04,2023-11-22
CONTROL SYSTEMS SOFTWARE DESIGNER,ATS AUTOMATION TOOLING SYSTEMS,"CAMBRIDGE, ON",62955.0,79715.0,2023-10-04,2023-11-08
HEALTH RECORDS TECH CODER,GRAND RIVER HOSPITAL,"KITCHENER, ON",46065.0,58328.0,2023-10-04,2023-11-22
"DEVELOPER, POWER PLATFORM",ADDENDA CAPITAL,"GUELPH, ON",69047.0,87428.0,2023-10-04,2023-11-08
JR. APPLICATION DEVELOPER,THE JUDGE GROUP,"ELMIRA, ON",,,2023-10-04,2023-11-01
SENIOR CLOUD SECURITY OPERATIONS ENGINEER - REMOTE,REVVITY,"GUELPH, ON",118613.0,150190.0,2023-10-04,2023-11-15
EMPLOYMENT COUNSELLOR/JOB DEVELOPER,2ND CHANCE EMPLOYMENT COUNSELLING,"FERGUS, ON",,,2023-10-04,2023-10-04
SOFTWARE DEVELOPER LICENSING TEAM,MAGNET FORENSICS,"WATERLOO, ON",89397.0,113197.0,2023-10-04,2023-10-11
RF DEVELOPER,SONOVA,"KITCHENER, ON",63991.0,81027.0,2023-10-04,2023-10-04
SENIOR SOLUTION ARCHITECT (HYBRID CLOUD),BMO FINANCIAL GROUP,VARIOUS LOCATIONS,99502.0,125992.0,2023-10-04,2023-10-11
"LEAD DEVELOPER/TEAM LEAD - MS STACK (DYNAMICS, POWER PLATFORM)",MAYK IDEAS,"KITCHENER, ON",80581.0,102034.0,2023-10-04,2023-10-18
MASTER DATA MANAGEMENT - DATA/PROCESS ANALYST,OPEN TEXT CORPORATION,"WATERLOO, ON",86934.0,110077.0,2023-10-04,2023-11-22
FPGA DEVELOPER,CHRISTIE DIGITAL SYSTEMS INC.,"KITCHENER, ON",82333.0,104252.0,2023-10-04,2023-11-01
UNREAL ENGINE C++ DEVELOPER II - SDK,MAWARI,"WATERLOO, ON",95624.0,121082.0,2023-10-04,2023-11-22
SOFTWARE DEVELOPER,MAGNET FORENSICS,"WATERLOO, ON",74485.0,94315.0,2023-10-04,2023-10-11
SENIOR DEV SEC OPS SPECIALIST,BLACKBERRY,"WATERLOO, ON",94278.0,119377.0,2023-10-04,2023-11-22
SENIOR SOFTWARE DEVELOPER,MAGNET FORENSICS,"WATERLOO, ON",92563.0,117205.0,2023-10-04,2023-10-25
CNC PROGRAMMER,AVERSAN,"WATERLOO, ON",70211.0,88903.0,2023-10-04,2023-11-01
COMPUTER PROGRAMMING - SUBJECT MATTER EXPERT (SME),ROBERTSON COLLEGE,VARIOUS LOCATIONS,72580.0,91903.0,2023-10-04,2023-11-01
CNC PROGRAMMER,CHERVIN,"ST. CLEMENTS, ON",43003.0,54452.0,2023-10-04,2023-11-22
2024 RESEARCH SCIENTIST AT PERIMETER INSTITUTE (CHORD RADIO TELESCOPE),PERIMETER INSTITUTE FOR THEORETICAL PHYSICS,"WATERLOO, ON",,,2023-10-04,2023-11-01
SR. PRINCIPAL SOFTWARE ARCHITECT,OPEN TEXT CORPORATION,"WATERLOO, ON",111782.0,141540.0,2023-10-04,2023-11-01
CUSTOMER SUPPORT REPRESENTATIVE,OPENTEXT,"WATERLOO, ON",39388.0,49875.0,2023-10-04,2023-10-11
"SR. DIRECTOR, IT PMO",OPENTEXT,"WATERLOO, ON",108651.0,137576.0,2023-10-04,2023-11-08
STAFF SOFTWARE DEVELOPER (FLEET MANAGER),CLEARPATH INC.,"KITCHENER, ON",110029.0,139321.0,2023-10-04,2023-10-11
LEAD SOFTWARE ENGINEER,SUN LIFE,"WATERLOO, ON",,,2023-10-04,2023-11-15
SENIOR PERCEPTION DEVELOPER - CALIBRATION AND SENSORS,CLEARPATH INC.,"KITCHENER, ON",99139.0,125532.0,2023-10-04,2023-10-11
ELECTRICAL DESIGN & PLC PROGRAMMER (AUTOMATION EXP),BARRIE WELDING & MACHINE,VARIOUS LOCATIONS,56885.0,72030.0,2023-10-04,2023-11-01
PRINCIPAL SECURITY COMPLIANCE ANALYST - COMPLIANCE STRATEGY,OPEN TEXT CORPORATION,"WATERLOO, ON",76187.0,96470.0,2023-10-04,2023-11-22
BUSINESS DEVELOPMENT REPRESENTATIVE,THE SYSCOMM GROUP,"WATERLOO, ON",50183.0,63543.0,2023-10-04,2023-11-22
LEAD SITE RELIABILITY ENGINEER,OPENTEXT,"WATERLOO, ON",99945.0,126552.0,2023-10-04,2023-11-22
CNC PROGRAMMER/SETTER/OPERATOR,TRITED INNOVATION INC-CAMBRIDGE - ONTARIO,"GUELPH, ON",,,2023-10-04,2023-10-11
SENIOR SCRUM MASTER (DATA & ANALYTICS),SUN LIFE,"WATERLOO, ON",,,2023-10-04,2023-10-04
SR. SOFTWARE ENGINEER-ZUORA ADMINISTRATOR,OPENTEXT,"WATERLOO, ON",85653.0,108456.0,2023-10-04,2023-10-04
JOB DEVELOPER/EMPLOYMENT COUNSELLOR,2ND CHANCE EMPLOYMENT COUNSELLING,"GUELPH, ON",,,2023-10-04,2023-11-01
SR. SYSTEMS ANALYST - UCMDB,OPENTEXT,"WATERLOO, ON",75888.0,96091.0,2023-10-04,2023-10-11
LEAD SYSTEMS ANALYST,OPENTEXT,"WATERLOO, ON",92034.0,116535.0,2023-10-04,2023-10-18
LEAD PRODUCT MANAGER (IOT),OPENTEXT,"WATERLOO, ON",97948.0,124024.0,2023-10-04,2023-10-11
SR. ITSM ANALYST - SMAX,OPENTEXT,"WATERLOO, ON",66904.0,84716.0,2023-10-04,2023-10-11
"SR. MANAGER, BUSINESS PROCESSES - FINANCIAL ANALYSIS",OPEN TEXT CORPORATION,"WATERLOO, ON",98049.0,124153.0,2023-10-04,2023-10-11
LEAD PRIVACY ANALYST,OPEN TEXT CORPORATION,"WATERLOO, ON",76506.0,96874.0,2023-10-04,2023-11-01
LEAD TECHNOLOGY RISK & DISASTER RECOVERY ANALYST(WORKERS COUNCIL),OPENTEXT,"WATERLOO, ON",66057.0,83643.0,2023-10-04,2023-10-11
SR. CLIENT MANAGER,OPENTEXT,"WATERLOO, ON",83619.0,105881.0,2023-10-04,2023-10-18
CLIENT DIRECTOR,OPEN TEXT CORPORATION,"WATERLOO, ON",97850.0,123900.0,2023-10-04,2023-10-25
"SR. MANAGER, BUSINESS PROCESSES - FINANCIAL ANALYSIS",OPENTEXT,"WATERLOO, ON",98049.0,124153.0,2023-10-04,2023-10-11
ACCOUNT DEVELOPMENT EXECUTIVE,OPEN TEXT CORPORATION,"WATERLOO, ON",86648.0,109716.0,2023-10-04,2023-10-11
PRINCIPAL GCP CLOUD SOLUTIONS ARCHITECT,OPENTEXT,"WATERLOO, ON",74417.0,94228.0,2023-10-04,2023-11-08
SR. SYSTEMS ANALYST - UCMDB,OPEN TEXT CORPORATION,"WATERLOO, ON",75888.0,96091.0,2023-10-04,2023-10-11
CLIENT DIRECTOR,OPENTEXT,"WATERLOO, ON",97850.0,123900.0,2023-10-04,2023-10-25
"SR. MANAGER, SAP FINANCE APPLICATIONS",OPENTEXT,"WATERLOO, ON",87742.0,111102.0,2023-10-04,2023-10-11
"SR. MANAGER, SAP FINANCE APPLICATIONS",OPEN TEXT CORPORATION,"WATERLOO, ON",87742.0,111102.0,2023-10-04,2023-10-11
SENIOR MONITORING SPECIALIST (SITESCOPE),OPENTEXT,"WATERLOO, ON",77886.0,98621.0,2023-10-04,2023-10-11
LEAD PRODUCT MANAGER,OPEN TEXT CORPORATION,"WATERLOO, ON",97948.0,124024.0,2023-10-04,2023-10-11
ACCOUNT DEVELOPMENT EXECUTIVE,OPENTEXT,"WATERLOO, ON",86648.0,109716.0,2023-10-04,2023-10-11
LEAD PRODUCT MANAGER,OPENTEXT,"WATERLOO, ON",97948.0,124024.0,2023-10-04,2023-10-11
"SENIOR CLOUD SECURITY ENGINEER- REMOTE, ONTARIO",SMILE DH,"KITCHENER, ON",129190.0,163583.0,2023-10-04,2023-11-08
PRINCIPAL GCP CLOUD SOLUTIONS ARCHITECT,OPEN TEXT CORPORATION,"WATERLOO, ON",74417.0,94228.0,2023-10-04,2023-11-08
LEAD PRODUCT MANAGER (IOT),OPEN TEXT CORPORATION,"WATERLOO, ON",97948.0,124024.0,2023-10-04,2023-10-11
PRINCIPAL NETWORK SPECIALIST,OPEN TEXT CORPORATION,"WATERLOO, ON",76996.0,97494.0,2023-10-04,2023-11-01
STAFF PERCEPTION DEVELOPER - LOCALIZATION AND MAPPING,CLEARPATH INC.,"KITCHENER, ON",99096.0,125478.0,2023-10-04,2023-10-11
"ADVISOR, BUSINESS DEVELOPMENT (UNIVERSITY OF WATERLOO)",MITACS,"WATERLOO, ON",83063.0,105177.0,2023-10-04,2023-11-22
SR. SYSTEMS ANALYST - IAM,OPEN TEXT CORPORATION,"WATERLOO, ON",73009.0,92446.0,2023-10-04,2023-11-22
SR. SOFTWARE ENGINEER-ZUORA ADMINISTRATOR,OPEN TEXT CORPORATION,"WATERLOO, ON",85653.0,108456.0,2023-10-04,2023-10-04
LEAD SYSTEMS ANALYST,OPEN TEXT CORPORATION,"WATERLOO, ON",92034.0,116535.0,2023-10-04,2023-10-18
MONITORING TOOLS SPECIALIST (SITESCOPE+),OPEN TEXT CORPORATION,"WATERLOO, ON",58861.0,74531.0,2023-10-04,2023-10-11
LEAD PRIVACY ANALYST,OPENTEXT,"WATERLOO, ON",76506.0,96874.0,2023-10-04,2023-11-01
APPLICATION DEVELOPER,STANTEC,"WATERLOO, ON",94215.0,119297.0,2023-10-04,2023-11-22
"SR. DIRECTOR, IT PMO",OPEN TEXT CORPORATION,"WATERLOO, ON",108651.0,137576.0,2023-10-04,2023-11-08
LEAD SITE RELIABILITY ENGINEER,OPEN TEXT CORPORATION,"WATERLOO, ON",99945.0,126552.0,2023-10-04,2023-11-22
"SENIOR SOFTWARE ENGINEER - RISK CONTROLS, HEALTH",CASH APP,"KITCHENER, ON",141237.0,178838.0,2023-10-04,2023-11-08
LEAD NETWORK ADMINISTRATOR,OPENTEXT,"WATERLOO, ON",91271.0,115569.0,2023-10-04,2023-10-04
"MATERNAL CHILD HEALTH NURSE COORDINATOR-RELOCATE TO PORT HARDY, B.C",GWA'SALA-'NAKWAXD'XW NATIONS,VARIOUS LOCATIONS,82396.0,104332.0,2023-10-04,2023-10-25
SENIOR SIMULATION DEVELOPER,CLEARPATH INC.,"KITCHENER, ON",94378.0,119504.0,2023-10-04,2023-10-11
SR. SYSTEMS ANALYST - IAM,OPENTEXT,"WATERLOO, ON",73009.0,92446.0,2023-10-04,2023-11-22
PRINCIPAL SECURITY COMPLIANCE ANALYST - COMPLIANCE STRATEGY,OPENTEXT,"WATERLOO, ON",76187.0,96470.0,2023-10-04,2023-11-22
SENIOR SOFTWARE ENGINEER IN TEST,MAGNET FORENSICS,"WATERLOO, ON",74802.0,94716.0,2023-10-04,2023-10-11
"CNC MID TO LARGE LATHE MACHINIST (""PROGRAMMER"")",BARRIE WELDING & MACHINE,VARIOUS LOCATIONS,,,2023-10-04,2023-10-25
"SENIOR REACT NATIVE ENGINEER - AFTERPAY, CASH APP",CASH APP,"WATERLOO, ON",139063.0,176085.0,2023-10-04,2023-10-18
SENIOR SOFTWARE ENGINEER (API/JAVA),SUN LIFE,"WATERLOO, ON",,,2023-10-04,2023-11-01
MASTER DATA MANAGEMENT - DATA/PROCESS ANALYST,OPENTEXT,"WATERLOO, ON",86934.0,110077.0,2023-10-04,2023-11-22
INFRASTRUCTURE CLOUD ARCHITECT,APPLYBOARD,"KITCHENER, ON",108484.0,137365.0,2023-10-04,2023-11-22
SR. CLIENT MANAGER,OPEN TEXT CORPORATION,"WATERLOO, ON",83619.0,105881.0,2023-10-04,2023-10-18
SR. ITSM ANALYST - SMAX,OPEN TEXT CORPORATION,"WATERLOO, ON",66904.0,84716.0,2023-10-04,2023-10-11
SENIOR MONITORING SPECIALIST (SITESCOPE),OPEN TEXT CORPORATION,"WATERLOO, ON",77886.0,98621.0,2023-10-04,2023-10-11
SR. SOFTWARE DEVELOPER,OPEN TEXT CORPORATION,"WATERLOO, ON",95129.0,120454.0,2023-10-04,2023-11-08
SR. SITE RELIABILITY ADMINISTRATOR,OPEN TEXT CORPORATION,"WATERLOO, ON",97291.0,123192.0,2023-10-04,2023-11-22
LEAD TECHNOLOGY RISK & DISASTER RECOVERY ANALYST(WORKERS COUNCIL),OPEN TEXT CORPORATION,"WATERLOO, ON",66057.0,83643.0,2023-10-04,2023-10-11
PRINCIPAL NETWORK SPECIALIST,OPENTEXT,"WATERLOO, ON",76996.0,97494.0,2023-10-04,2023-11-01
BUSINESS DEVELOPMENT SPECIALIST,BICDROID INC.,"WATERLOO, ON",64477.0,81642.0,2023-10-04,2023-11-22
SOFTWARE DEVELOPMENT TEAM LEAD,RWDI,"GUELPH, ON",112306.0,142204.0,2023-10-04,2023-10-11
SENIOR SOFTWARE ARCHITECT,DEJERO LABS INC.,"WATERLOO, ON",97782.0,123813.0,2023-10-04,2023-11-22
WEB DEVELOPER II (AEM ARCHITECT),BLACKBERRY,"WATERLOO, ON",83601.0,105858.0,2023-10-04,2023-11-15
"CLOUD TECHNICAL SOLUTIONS DEVELOPER, BILLING",GOOGLE,"WATERLOO, ON",,,2023-10-04,2023-10-18
SOFTWARE DEVELOPER - BACKEND,GREEN BRICK LABS,"KITCHENER, ON",50677.0,64169.0,2023-10-04,2023-11-22
SOFTWARE DEVELOPER (ANGULAR),DESCARTES,"WATERLOO, ON",80088.0,101409.0,2023-10-04,2023-11-01
WEB DEVELOPER,QPROVIBE INC.,"WATERLOO, ON",,,2023-10-04,2023-10-04
SOFTWARE TEST AUTOMATION ENGINEER,NICOYA,"KITCHENER, ON",95059.0,120366.0,2023-10-04,2023-10-25
SOFTWARE DEVELOPER (.NET),DESCARTES,"WATERLOO, ON",82147.0,104016.0,2023-10-04,2023-10-11
WEB DEVELOPER,UNIVERSITY OF WATERLOO,"WATERLOO, ON",83252.0,105416.0,2023-10-04,2023-10-18
SOFTWARE DEVELOPER,BROCK SOLUTIONS,"KITCHENER, ON",85753.0,108582.0,2023-10-04,2023-11-22
LEAD SOFTWARE DEVELOPER,EUNA SOLUTIONS,"KITCHENER, ON",119935.0,151864.0,2023-10-04,2023-10-11
INTERMEDIATE SOFTWARE DEVELOPER,GEOTAB,"WATERLOO, ON",89506.0,113334.0,2023-10-04,2023-10-25
SOFTWARE DEVELOPER,BICDROID INC.,"WATERLOO, ON",60513.0,76623.0,2023-10-04,2023-11-22
FULL STACK DEVELOPER - FRONT END FOCUS,ELEVEN-X,"WATERLOO, ON",83816.0,106130.0,2023-10-04,2023-10-04
SOFTWARE ENGINEER COOP/INTERN,SANDVINE,"WATERLOO, ON",102710.0,130054.0,2023-10-04,2023-11-15
SOFTWARE ENGINEER (FRONT END WEB APPLICATION - ANGULAR),POWER TAKEOFF,"KITCHENER, ON",,,2023-10-04,2023-10-11
"STAFF SOFTWARE DEVELOPER, GOOGLE CLOUD",GOOGLE,"WATERLOO, ON",,,2023-10-04,2023-10-04
"SOFTWARE ENGINEERING MANAGER, GROUP BENEFITS",MANULIFE,"WATERLOO, ON",88645.0,112244.0,2023-10-04,2023-11-08
SOFTWARE DEVELOPER,CANADIAN SOLAR,"GUELPH, ON",93642.0,118572.0,2023-10-04,2023-10-04
INTERMEDIATE C++ SOFTWARE DEVELOPER – INTEGRATED MEDIA BLOCK,CHRISTIE DIGITAL SYSTEMS INC.,"KITCHENER, ON",87571.0,110884.0,2023-10-04,2023-11-01
FULL STACK DEVELOPER,"CLOUD DX, INC.","KITCHENER, ON",84746.0,107308.0,2023-10-04,2023-11-22
JAVA ENGINEER (BACKEND),PROSPECT,"WATERLOO, ON",75154.0,95162.0,2023-10-04,2023-10-11
"SENIOR SOFTWARE ENGINEER, MOBILE (ANDROID) - REMOTE/HYBRID",IMS,"WATERLOO, ON",93765.0,118728.0,2023-10-04,2023-11-22
SENIOR SITE RELIABILITY ENGINEERING DEVELOPER (DEVOPS),ENCIRCLE,"KITCHENER, ON",163309.0,206785.0,2023-10-04,2023-10-11
"SENIOR JAVA DEVELOPER (ONSITE CAMBRIDGE, ON)",VECTORVUE,"KITCHENER, ON",,,2023-10-04,2023-11-22
SOFTWARE DEVELOPER,ONTARIO HEALTH,VARIOUS LOCATIONS,86598.0,109653.0,2023-10-04,2023-10-11
"PRODUCT DEVELOPER, SOFTWARE - ADVANCED RESEARCH",CHRISTIE DIGITAL SYSTEMS INC.,"KITCHENER, ON",76644.0,97048.0,2023-10-04,2023-11-22
FULL STACK WEB DEVELOPER,BICDROID INC.,"WATERLOO, ON",54981.0,69618.0,2023-10-04,2023-11-22
INTERMEDIATE SOFTWARE DEVELOPER (REMOTE),DRIVERCHECK INC.,"KITCHENER, ON",111358.0,141005.0,2023-10-04,2023-10-25
EXPERIENCED FULL STACK WEB DEVELOPER,BOARDERA SOFTWARE,"KITCHENER, ON",77187.0,97736.0,2023-10-04,2023-11-22
STAFF SOFTWARE DEVELOPER,APPLYBOARD,"KITCHENER, ON",80805.0,102318.0,2023-10-04,2023-11-22
BACKEND DEVELOPER,DESCARTES,"WATERLOO, ON",87218.0,110438.0,2023-10-04,2023-10-25
SOFTWARE DEVELOPER,ATS AUTOMATION TOOLING SYSTEMS,"CAMBRIDGE, ON",82094.0,103949.0,2023-10-04,2023-11-15
JAVA DEVELOPER - CANADIAN VISA SPONSORSHIP GLOBAL TALENT STREAM,VENUITI,"KITCHENER, ON",,,2023-10-04,2023-11-22
SOFTWARE DEVELOPER,PEGMATIS INC.,"KITCHENER, ON",121828.5,121828.5,2023-10-04,2023-10-11
SENIOR SOFTWARE DEVELOPER,GO INTEGRATIONS,"TORONTO, ON",70000.0,75000.0,2023-10-04,2023-10-25
CNC PROGRAMMER,THE BAMCO GROUP,"GUELPH, ON",,,2023-10-04,2023-10-18
SOFTWARE DEVELOPER,PEGMATIS INC.,"CAMBRIDGE, ON",121318.65,121318.65,2023-10-04,2023-10-11
SOFTWARE DEVELOPER,MUNDAIR CONSULTING LTD.,"GUELPH, ON",89960.0,89960.0,2023-10-04,2023-11-22
SOFTWARE DEVELOPER,MAKO FINANCIAL TECHNOLOGIES INC.,"CAMROSE, AB",87320.0,87320.0,2023-10-04,2023-11-22
SOFTWARE DEVELOPER,CAPLEO GLOBAL,VARIOUS LOCATIONS,,,2023-10-04,2023-10-18
SOFTWARE DEVELOPER,VIRTEK VISION,"WATERLOO, ON",,,2023-10-04,2023-10-11
SOFTWARE DEVELOPER,GLOBAL DEVELOPMENT WORKS LTD.,"KITCHENER, ON",90480.0,90480.0,2023-10-04,2023-11-22
SOFTWARE DEVELOPER,FORD MOTOR COMPANY,"WATERLOO, ON",,,2023-10-04,2023-11-22
SOFTWARE DEVELOPER,CAPGEMINI ENGINEERING CA,"KITCHENER, ON",,,2023-10-04,2023-10-25
SOFTWARE DEVELOPER,LOGISENSE CORPORATION,"KITCHENER, ON",,,2023-10-04,2023-10-18
CLOUD DEVELOPER,VENUITI,"WATERLOO, ON",,,2023-10-04,2023-10-18
SOFTWARE DEVELOPER,VOIANT GROUP,VARIOUS LOCATIONS,,,2023-10-04,2023-10-25
SOFTWARE DEVELOPER,VON CANADA,"OTTAWA, ON",65996.0,71551.0,2023-10-04,2023-11-01
SOFTWARE DEVELOPER,WRIGHTPLAN INC.,"WATERLOO, ON",79460.0,100614.0,2023-10-04,2023-10-04
"SOFTWARE DEVELOPER III, GOOGLE CLOUD NETWORKING",GOOGLE,"WATERLOO, ON",,,2023-10-04,2023-10-18
SOFTWARE DEVELOPER IN TEST,ONSEMI,"WATERLOO, ON",74156.0,93898.0,2023-10-04,2023-11-22
SOFTWARE DEVELOPER,MARSHALLZEHR,"WATERLOO, ON",78647.0,99584.0,2023-10-04,2023-11-22
SOFTWARE DEVELOPER,SHOPEDGE SOFTWARE INC,"KITCHENER, ON",,,2023-10-04,2023-11-22
SOFTWARE ENGINEER,BOSCH GROUP,"WATERLOO, ON",80148.0,101486.0,2023-10-04,2023-11-22
SOFTWARE DEVELOPER,ISN TECHNOLOGIES,"WATERLOO, ON",75118.0,95116.0,2023-10-04,2023-11-22
FULL STACK DEVELOPER (REMOTE),APPLIED BRAIN RESEARCH,"WATERLOO, ON",,,2023-10-04,2023-11-08
INTERMEDIATE SOFTWARE DEVELOPER (BACK END - JAVA),POWER TAKEOFF,"KITCHENER, ON",,,2023-10-04,2023-10-11
REACTJS DEVELOPER,VENUITI,"WATERLOO, ON",75527.0,95635.0,2023-10-04,2023-10-25
SOFTWARE DEVELOPER,FLANAGAN FOODSERVICE,"KITCHENER, ON",63404.0,80283.0,2023-10-04,2023-11-22
AWS/DEVOPS ENGINEER,VENUITI,"KITCHENER, ON",,,2023-10-04,2023-11-01
SOFTWARE DEVELOPER,D2L,"KITCHENER, ON",89321.0,113100.0,2023-10-04,2023-11-22
SOFTWARE ENGINEERING MANAGER,CEDENT,"WATERLOO, ON",102184.0,129388.0,2023-10-04,2023-11-22
SENIOR WORDPRESS DEVELOPER FOR ECOMMERCE,SIENCI LABS INC.,"WATERLOO, ON",,,2023-10-04,2023-11-01
"TECHNICAL SOLUTIONS DEVELOPER, INFRASTRUCTURE, GOOGLE CLOUD",GOOGLE,"WATERLOO, ON",,,2023-10-04,2023-10-04
SOFTWARE DEVELOPER,PEGMATIS INC.,"GUELPH, ON",121462.47,121462.47,2023-10-04,2023-10-11
SOFTWARE ENGINEER,MEALSUITE,"KITCHENER, ON",90091.0,114076.0,2023-10-04,2023-11-01
"SENIOR SOFTWARE DEVELOPER, PRECISION HEALTH PLATFORM, WORKFLOWS",VERILY,"WATERLOO, ON",97031.0,122862.0,2023-10-04,2023-10-11
SENIOR CLOUD SOFTWARE DEVELOPER,SIEMENS,"KITCHENER, ON",99267.0,125694.0,2023-10-04,2023-11-22
CUSTOMER SUPPORT REPRESENTATIVE,OPEN TEXT CORPORATION,"WATERLOO, ON",39388.0,49875.0,2023-10-04,2023-10-11
"SOFTWARE ENGINEERING MANAGER II, SECURITY/PRIVACY, GOOGLE CLOUD BUSINESS PLATFORMS",GOOGLE,"WATERLOO, ON",,,2023-10-04,2023-10-04
SOFTWARE ENGINEER SENIOR,ALTAIR ENGINEERING,"WATERLOO, ON",119628.0,151476.0,2023-10-04,2023-11-22
SENIOR DEVOPS DEVELOPER,CLEARPATH INC.,"KITCHENER, ON",106499.0,134851.0,2023-10-04,2023-10-11
SOFTWARE DEVELOPER (PROGRAMMER/ANALYST),TELEDYNE E2V SEMICONDUCTORS,"WATERLOO, ON",63567.0,80490.0,2023-10-04,2023-11-08
C++ SOFTWARE ENGINEER,PROCOM,VARIOUS LOCATIONS,,,2023-10-04,2023-10-04
SR. SOFTWARE ENGINEER,MCAP,"WATERLOO, ON",97165.0,123032.0,2023-10-04,2023-11-22
.NET MOBILE DEVELOPER,SEMEX,"GUELPH, ON",81110.0,102704.0,2023-10-04,2023-10-18
ASSOCIATE PRODUCT SUPPORT SPECIALIST,OPEN TEXT CORPORATION,"WATERLOO, ON",52799.0,66856.0,2023-10-04,2023-11-08
SENIOR SOFTWARE DEVELOPER,BROCK SOLUTIONS,"KITCHENER, ON",100193.0,126867.0,2023-10-04,2023-11-22
"SENIOR BACKEND ENGINEER, WEB3",RECRUITING FROM SCRATCH,"WATERLOO, ON",,,2023-10-04,2023-10-04
CNC PROGRAMMER,HÉROUX-DEVTEK INC.,"KITCHENER, ON",60055.0,76043.0,2023-10-04,2023-11-22
SOFTWARE ENGINEERING MANAGER,ONSEMI,"WATERLOO, ON",104090.0,131801.0,2023-10-04,2023-11-08
PROJECT MANAGER,ONTARIO HEALTH,VARIOUS LOCATIONS,96287.0,121921.0,2023-10-04,2023-11-08
SENIOR SOFTWARE ENGINEER,CARTA,"WATERLOO, ON",104700.0,132574.0,2023-10-04,2023-11-22
SENIOR SOFTWARE ENGINEER (JAVA/KAFKA),SUN LIFE,"WATERLOO, ON",,,2023-10-04,2023-10-11
FPGA DEVELOPER,CHRISTIE DIGITAL,"KITCHENER, ON",82097.0,103953.0,2023-10-04,2023-11-01
C++ DEVELOPER - LOW LEVEL - CANADA,GTS,"KITCHENER, ON",90620.0,114745.0,2023-10-04,2023-10-18
SAGE PEOPLE SOFTWARE DEVELOPER - CONTRACT,COMPUGEN INC,VARIOUS LOCATIONS,,,2023-10-04,2023-10-25
STAFF MACHINE LEARNING DEVELOPER,FULLSTORY,"WATERLOO, ON",101315.0,128287.0,2023-10-04,2023-11-22
BUILD SYSTEM DEVELOPER,MAXON COMPUTER,"WATERLOO, ON",84898.0,107499.0,2023-10-04,2023-11-08
"SENIOR SOFTWARE DEVELOPER, NETWORKS, GOOGLE CLOUD BUSINESS PLATFORMS",GOOGLE,"WATERLOO, ON",,,2023-10-04,2023-10-25
ENGINEERING COMMUNICATIONS EDUCATION DEVELOPER,UNIVERSITY OF WATERLOO,"WATERLOO, ON",74452.0,94273.0,2023-10-04,2023-10-25
NETWORK ENGINEER - IT & CLOUD INFRASTRUCTURE,SIEMENS,"KITCHENER, ON",67724.0,85754.0,2023-10-04,2023-11-22
CNC MILL PROGRAMMER/MACHINIST,NOVY MANUFACTURING INC.,"WATERLOO, ON",,,2023-10-04,2023-11-15
SENIOR SOFTWARE DEVELOPER (C#/C++),VIRTEK VISION,"WATERLOO, ON",104207.0,131950.0,2023-10-04,2023-10-11
WEB APPLICATION DEVELOPER,FIVEWALLS,"WATERLOO, ON",67100.0,84964.0,2023-10-04,2023-11-22
FULL STACK ENGINEER,JUST PLAY SPORTS SOLUTIONS LLC,"KITCHENER, ON",85716.0,108535.0,2023-10-04,2023-11-22
LEARNING AND DEVELOPMENT SPECIALISTS - LEADERSHIP DEVELOPMENT,UNIVERSITY OF WATERLOO,"WATERLOO, ON",72011.0,91182.0,2023-10-04,2023-10-04
SOFTWARE ENGINEER - DESIGN VERIFICATION,FORD MOTOR COMPANY,"WATERLOO, ON",85527.0,108296.0,2023-10-04,2023-10-11
IT/ SOFTWARE DEVELOPMENT TECHNOLOGY CONSULTANT FOR TAX INCENTIVES,KPMG,"WATERLOO, ON",57375.0,72650.0,2023-10-04,2023-11-22
JAVA WEBOBJECTS WEB DEVELOPER,LIFELEARN,"GUELPH, ON",86595.0,109648.0,2023-10-04,2023-10-11
EDUCATIONAL DEVELOPER,UNIVERSITY OF WATERLOO,"WATERLOO, ON",79048.0,100092.0,2023-10-04,2023-10-11
CNC PROGRAMMER,ARTCO,"KITCHENER, ON",40790.0,51650.0,2023-10-04,2023-11-22
SOFTWARE ENGINEER - FULL STACK,MCAP,"WATERLOO, ON",88820.0,112466.0,2023-10-04,2023-11-22
SENIOR SOFTWARE DEVELOPER,D2L,"KITCHENER, ON",105533.0,133629.0,2023-10-04,2023-11-22
SENIOR SOFTWARE DEVELOPER,ATS AUTOMATION TOOLING SYSTEMS,"CAMBRIDGE, ON",119813.0,151711.0,2023-10-04,2023-11-08
FULL STACK DEVELOPER,PLANITAR INC.,"WATERLOO, ON",84743.0,107304.0,2023-10-04,2023-11-01
SENIOR SOFTWARE DEVELOPER - QUANTUM COMPILER/TRANSPILER,ANYON SYSTEMS INC.,"WATERLOO, ON",95899.0,121430.0,2023-10-04,2023-11-22
C/C++ SOFTWARE DEVELOPER,BICDROID INC.,"WATERLOO, ON",84611.0,107136.0,2023-10-04,2023-11-22
SOFTWARE DEPLOYMENT ENGINEER,BROCK SOLUTIONS,"KITCHENER, ON",75889.0,96093.0,2023-10-04,2023-11-08
SENIOR SOFTWARE ENGINEER,NCR,"WATERLOO, ON",100064.0,126704.0,2023-10-04,2023-11-22
STAFF DEVOPS ENGINEER,MAPPEDIN,"KITCHENER, ON",75992.0,96223.0,2023-10-04,2023-10-11
SOFTWARE ENGINEER,BICDROID INC.,"WATERLOO, ON",75103.0,95098.0,2023-10-04,2023-11-22
SENIOR SOFTWARE ENGINEER,SUN LIFE,"WATERLOO, ON",,,2023-10-04,2023-10-18
VULKAN GRAPHICS ENGINEER - GLOBAL REMOTE,COREAVI,"WATERLOO, ON",99086.0,125465.0,2023-10-04,2023-11-22
INTERMEDIATE C++ SOFTWARE DEVELOPER – INTEGRATED MEDIA BLOCK,CHRISTIE DIGITAL,"KITCHENER, ON",87719.0,111071.0,2023-10-04,2023-11-01
"PRODUCT DEVELOPER, SOFTWARE - ADVANCED RESEARCH",CHRISTIE DIGITAL,"KITCHENER, ON",78402.0,99275.0,2023-10-04,2023-11-22
IT SOFTWARE DEVELOPER - (SALESFORCE),OPEN TEXT CORPORATION,"WATERLOO, ON",92295.0,116867.0,2023-10-04,2023-11-15
SR. SOFTWARE DEVELOPER,OPENTEXT,"WATERLOO, ON",95129.0,120454.0,2023-10-04,2023-11-08
IT SOFTWARE DEVELOPER - (SALESFORCE),OPENTEXT,"WATERLOO, ON",92295.0,116867.0,2023-10-04,2023-11-15
MACHINE LEARNING ENGINEER,EQUITABLE LIFE OF CANADA,"WATERLOO, ON",79985.0,101279.0,2023-10-04,2023-10-11
SENIOR SOFTWARE DEVELOPER,GEOTAB,"WATERLOO, ON",93651.0,118584.0,2023-10-04,2023-11-22
FULLSTACK SENIOR SOFTWARE DEVELOPER,GEOTAB,"WATERLOO, ON",89815.0,113725.0,2023-10-04,2023-11-22
"SENIOR STAFF SOFTWARE DEVELOPER, PRECISION HEALTH PLATFORM",VERILY,"WATERLOO, ON",110286.0,139646.0,2023-10-04,2023-11-22
PRINCIPAL CLOUD ENGINEER,BMO FINANCIAL GROUP,VARIOUS LOCATIONS,112974.0,143051.0,2023-10-04,2023-10-25
"LEAD TECHNOLOGY SPECIALIST, DIGITAL DEVELOPER",EQUITABLE LIFE OF CANADA,"WATERLOO, ON",100782.0,127613.0,2023-10-04,2023-10-25
JR. WEB DEVELOPMENT TRAINING & INTERNSHIP,PREPR,"GUELPH, ON",,,2023-10-04,2023-10-11
CONTROL SYSTEMS DEVELOPER (B&R AUTOMATION SPECIALIST),ATS AUTOMATION TOOLING SYSTEMS,"CAMBRIDGE, ON",69842.0,88436.0,2023-10-11,2023-11-22
"LEAD SOFTWARE ENGINEER, OPERATIONS",SUN LIFE,"WATERLOO, ON",82000.0,135000.0,2023-10-11,2023-10-18
SENIOR BUSINESS INTELLIGENCE (BI) DEVELOPER - MICROSTRATEGY,PROCOM,VARIOUS LOCATIONS,,,2023-10-11,2023-10-11
"DIRECTOR, GLOBAL TALENT OPERATIONS",OPEN TEXT CORPORATION,"WATERLOO, ON",114784.0,145342.0,2023-10-11,2023-10-11
23-101 FULL STACK DEVELOPER,RAISE,VARIOUS LOCATIONS,88707.0,112323.0,2023-10-11,2023-11-08
COMPUTER NUMERICAL CONTROL (CNC) PROGRAMMER,HEROUX DEVTEK,"KITCHENER, ON",70000.0,85000.0,2023-10-11,2023-11-22
"SENIOR SOFTWARE DEVELOPER, GOOGLE CLOUD COMPUTE",GOOGLE,"KITCHENER, ON",,,2023-10-11,2023-11-01
"SENIOR SOFTWARE ENGINEER, RIPPLENET PAYMENTS",RIPPLE LABS,"KITCHENER, ON",114519.0,145006.0,2023-10-11,2023-11-22
"STAFF SOFTWARE ENGINEER, WORKSPACE ABUSE AND SAFETY PROTECTIONS",GOOGLE,"WATERLOO, ON",,,2023-10-11,2023-11-15
SENIOR JAVA DEVELOPER,DESCARTES,"WATERLOO, ON",88394.0,111926.0,2023-10-11,2023-11-08
SOFTWARE ENGINEERING MANAGER,ATS AUTOMATION TOOLING SYSTEMS,"CAMBRIDGE, ON",97356.0,123275.0,2023-10-11,2023-11-22
SOFTWARE DEVELOPER,TITANIUM AGENCY INC,"WATERLOO, ON",,,2023-10-11,2023-10-25
CLOUD PLATFORM ENGINEER,MANULIFE,"WATERLOO, ON",86965.0,110118.0,2023-10-11,2023-10-18
QUANTUM NAVIGATION SOFTWARE ENGINEER,QUANTUM VALLEY IDEAS LAB,"WATERLOO, ON",70000.0,85000.0,2023-10-11,2023-11-08
STAFF SOFTWARE DEVELOPER,ATS AUTOMATION TOOLING SYSTEMS,"CAMBRIDGE, ON",105998.0,134217.0,2023-10-11,2023-11-22
SENIOR SOFTWARE DEVELOPER (DELPHI),DESCARTES,"WATERLOO, ON",117005.0,148155.0,2023-10-11,2023-10-25
"PRODUCT MANAGER, GOOGLE CLOUD",GOOGLE,"WATERLOO, ON",,,2023-10-11,2023-10-11
"SENIOR SOFTWARE ENGINEER - RISK CONTROLS, HEALTH",CASH APP,"WATERLOO, ON",141237.0,178838.0,2023-10-11,2023-11-22
SR. APPLICATION DEVELOPER,THE JUDGE GROUP,"ELMIRA, ON",,,2023-10-11,2023-11-01
TEST AUTOMATION DEVELOPER - WINTER 2024 CO-OP/INTERN,DEFINITY FINANCIAL CORPORATION,"KITCHENER, ON",60630.0,76771.0,2023-10-11,2023-10-11
SENIOR SOFTWARE ENGINEER IOS,IMS,"WATERLOO, ON",98908.0,125240.0,2023-10-11,2023-11-22
"DIRECTOR, GLOBAL TALENT OPERATIONS",OPENTEXT,"WATERLOO, ON",114784.0,145342.0,2023-10-11,2023-10-11
PLC PROGRAMMER/SYSTEMS INTEGRATOR,TRITED INNOVATION INC-ONTARIO,"KITCHENER, ON",55976.0,70878.0,2023-10-11,2023-11-22
AUTOMATION ENGINEER,NFINITE NANOTECH,"KITCHENER, ON",70000.0,80000.0,2023-10-11,2023-10-18
SENIOR IT TECHNOLOGY RISK ANALYST,OPEN TEXT CORPORATION,"WATERLOO, ON",82924.0,105000.0,2023-10-18,2023-11-08
CLOUD DEVOPS ENGINEER/ARCHITECT,PROCOM,VARIOUS LOCATIONS,,,2023-10-18,2023-10-18
SENIOR SOFTWARE SECURITY RESEARCHER,OPEN TEXT CORPORATION,"WATERLOO, ON",99008.0,125366.0,2023-10-18,2023-11-22
INTERMEDIATE CONTROL SYSTEMS SOFTWARE DESIGNER,ATS AUTOMATION TOOLING SYSTEMS,"CAMBRIDGE, ON",62955.0,79715.0,2023-10-18,2023-11-22
CNC PROGRAMMER/SETTER/CAMWORKS,TRITED INNOVATION INC-CAMBRIDGE - ONTARIO,"GUELPH, ON",45760.0,,2023-10-18,2023-10-18
"PROGRAM MANAGER, CORPORATE GIVING",OPENTEXT,"WATERLOO, ON",87827.0,111209.0,2023-10-18,2023-11-01
SENIOR SOFTWARE SECURITY RESEARCHER,OPENTEXT,"WATERLOO, ON",99008.0,125366.0,2023-10-18,2023-11-22
OPERATIONS ANALYST,MAGNET FORENSICS,"WATERLOO, ON",54010.0,68389.0,2023-10-18,2023-10-25
STAFF PERCEPTION DEVELOPER - LOCALIZATION AND MAPPING,OTTO MOTORS BY ROCKWELL AUTOMATION,"KITCHENER, ON",99096.0,125478.0,2023-10-18,2023-11-22
SENIOR IT TECHNOLOGY RISK ANALYST,OPENTEXT,"WATERLOO, ON",82924.0,105000.0,2023-10-18,2023-11-08
COLLECTIONS SPECIALIST (ESCALATIONS),OPEN TEXT CORPORATION,"WATERLOO, ON",59261.0,75038.0,2023-10-18,2023-11-22
"INTERMEDIATE TECHNOLOGY SPECIALIST, DIGITAL DEVELOPER",EQUITABLE LIFE OF CANADA,"WATERLOO, ON",85229.0,107919.0,2023-10-18,2023-10-25
SENIOR INDUSTRIAL SIMULATION DEVELOPER,OTTO MOTORS BY ROCKWELL AUTOMATION,"KITCHENER, ON",87699.0,111046.0,2023-10-18,2023-11-22
PROGRAM DIRECTOR,OPENTEXT,"WATERLOO, ON",79244.0,100341.0,2023-10-18,2023-10-25
SENIOR SOFTWARE QUALITY ENGINEER – SAP BW (SAP BUSINESS WAREHOUSE),SUN LIFE,"WATERLOO, ON",82000.0,135000.0,2023-10-18,2023-10-25
"DIRECTOR, BILLING OPERATIONS",OPEN TEXT CORPORATION,"WATERLOO, ON",92894.0,117624.0,2023-10-18,2023-11-22
LEAD REVENUE OPERATIONS ANALYST,OPEN TEXT CORPORATION,"WATERLOO, ON",77286.0,97861.0,2023-10-18,2023-10-18
LEAD REVENUE OPERATIONS ANALYST,OPENTEXT,"WATERLOO, ON",77286.0,97861.0,2023-10-18,2023-10-18
"PROGRAM MANAGER, CORPORATE GIVING",OPEN TEXT CORPORATION,"WATERLOO, ON",87827.0,111209.0,2023-10-18,2023-11-01
"DIRECTOR, BILLING OPERATIONS",OPENTEXT,"WATERLOO, ON",92894.0,117624.0,2023-10-18,2023-11-22
BILINGUAL CUSTOMER SUPPORT REPRESENTATIVE - (FRENCH),OPENTEXT,"WATERLOO, ON",39896.0,50517.0,2023-10-18,2023-11-01
BILINGUAL CUSTOMER SUPPORT REPRESENTATIVE - (FRENCH),OPEN TEXT CORPORATION,"WATERLOO, ON",39896.0,50517.0,2023-10-18,2023-11-01
SENIOR PERCEPTION DEVELOPER - CALIBRATION AND SENSORS,OTTO MOTORS BY ROCKWELL AUTOMATION,"KITCHENER, ON",99139.0,125532.0,2023-10-18,2023-11-01
CLOUD AUTOMATION TOOLS ENGINEER/ARCHITECT - RHEL 8.X / 9.X & WINDOWS 2019 & 202,PROCOM,VARIOUS LOCATIONS,,,2023-10-18,2023-10-18
JR00087402 SENIOR SOFTWARE ENGINEER (.NET/ POWERSHELL),SUN LIFE,"WATERLOO, ON",82000.0,135000.0,2023-10-18,2023-11-01
PERCEPTION TEAM LEAD - LOCALIZATION AND MAPPING,OTTO MOTORS BY ROCKWELL AUTOMATION,"KITCHENER, ON",96237.0,121857.0,2023-10-18,2023-11-22
COLLECTIONS SPECIALIST (ESCALATIONS),OPENTEXT,"WATERLOO, ON",59261.0,75038.0,2023-10-18,2023-11-22
SR. SYSTEMS ADMINISTRATOR,OPEN TEXT CORPORATION,"WATERLOO, ON",87250.0,110478.0,2023-10-18,2023-11-22
SR. SYSTEMS ADMINISTRATOR,OPENTEXT,"WATERLOO, ON",87250.0,110478.0,2023-10-18,2023-11-22
PROGRAM DIRECTOR,OPEN TEXT CORPORATION,"WATERLOO, ON",79244.0,100341.0,2023-10-18,2023-10-25
"SENIOR STAFF SOFTWARE SPECIALIST, GOOGLE CLOUD",GOOGLE,"WATERLOO, ON",,,2023-10-18,2023-10-18
EMBEDDED SOFTWARE ENGINEER,LINAMAR CORP,"GUELPH, ON",78608.0,99536.0,2023-10-18,2023-10-25
"SENIOR TECHNOLOGY SPECIALIST, DIGITAL DEVELOPER",EQUITABLE LIFE OF CANADA,"WATERLOO, ON",88457.0,112007.0,2023-10-18,2023-10-25
SENIOR SOFTWARE DEVELOPER,DEJERO LABS INC.,"WATERLOO, ON",99018.0,125379.0,2023-10-18,2023-11-22
"SOFTWARE DEVELOPER III, INFRASTRUCTURE, GOOGLE CLOUD DATA MANAGEMENT",GOOGLE,"WATERLOO, ON",,,2023-10-18,2023-10-18
SOFTWARE ENGINEER II,SANDVINE,"WATERLOO, ON",99767.0,126327.0,2023-10-18,2023-11-01
SOFTWARE DEVELOPER,GOOGLE,"WATERLOO, ON",,,2023-10-18,2023-11-08
SOFTWARE DEVELOPER,ACEIT DIGITAL INC.,"CALGARY, AB",81120.0,81120.0,2023-10-18,2023-11-22
SOFTWARE DEVELOPER,"CLIFYX, INC",VARIOUS LOCATIONS,,,2023-10-18,2023-11-08
"SOFTWARE DEVELOPER II, SITE RELIABILITY DEVELOPMENT, GOOGLE CLOUD",GOOGLE,"WATERLOO, ON",,,2023-10-18,2023-10-18
SOFTWARE TEST ENGINEER,LINAMAR CORP,"GUELPH, ON",78451.0,99336.0,2023-10-18,2023-10-25
SOFTWARE TEST DEVELOPER,D2L,"KITCHENER, ON",85933.0,108810.0,2023-10-18,2023-11-22
"SOFTWARE DEVELOPER III, GOOGLE CLOUD PLATFORM AI AND INDUSTRY SOLUTIONS",GOOGLE,"WATERLOO, ON",,,2023-10-18,2023-10-18
"SOFTWARE DEVELOPER III, GOOGLE CLOUD DATA MANAGEMENT",GOOGLE,"WATERLOO, ON",,,2023-10-18,2023-11-01
AUTOMATION ENGINEER,LINAMAR CORP,"GUELPH, ON",63807.0,80794.0,2023-10-18,2023-11-01
SENIOR SIMULATION DEVELOPER,OTTO MOTORS BY ROCKWELL AUTOMATION,"KITCHENER, ON",94378.0,119504.0,2023-10-18,2023-11-22
SOFTWARE ENGINEER,MAXSYS STAFFING & CONSULTING,"WATERLOO, ON",149760.0,149760.0,2023-10-18,2023-10-18
STAFF SOFTWARE DEVELOPER (FLEET MANAGER),OTTO MOTORS BY ROCKWELL AUTOMATION,"KITCHENER, ON",110029.0,139321.0,2023-10-18,2023-11-01
SENIOR DEVOPS DEVELOPER,OTTO MOTORS BY ROCKWELL AUTOMATION,"KITCHENER, ON",106499.0,134851.0,2023-10-18,2023-10-18
STAFF DEVOPS DEVELOPER,MAPPEDIN,"KITCHENER, ON",73268.0,92774.0,2023-10-18,2023-11-22
REMOTE - DELTA V PROGRAMMER/ENGINEER,CAC STAFFING,VARIOUS LOCATIONS,145600.0,,2023-10-18,2023-10-18
"ANDROID KOTLIN DEVELOPER - WATERLOO, CANADA",FORHYRE,"WATERLOO, ON",64563.0,81751.0,2023-10-18,2023-11-22
"SR. MANAGER, WORKPLACE SECURITY",OPENTEXT,"WATERLOO, ON",93050.0,117823.0,2023-10-25,2023-11-22
SENIOR SOFTWARE RESEARCHER,OPEN TEXT CORPORATION,"WATERLOO, ON",82528.0,104499.0,2023-10-25,2023-11-22
"SR. MANAGER, WORKPLACE SECURITY",OPEN TEXT CORPORATION,"WATERLOO, ON",91312.0,115622.0,2023-10-25,2023-11-22
"ASSOCIATE DIRECTOR, DATA ANALYTICS AND DEVELOPMENT",UNIVERSITY OF WATERLOO,"WATERLOO, ON",88417.0,111956.0,2023-10-25,2023-11-22
CLOUD SYSTEMS ADMINISTRATOR,OPENTEXT,"WATERLOO, ON",76714.0,97137.0,2023-10-25,2023-11-01
SR. CLOUD ENGINEER,HUXLEY,"WATERLOO, ON",95089.0,120404.0,2023-10-25,2023-11-22
LEAD AEM SOFTWARE ENGINEER,SUN LIFE,"WATERLOO, ON",82000.0,135000.0,2023-10-25,2023-11-08
LEAD FINANCIAL ANALYST,OPENTEXT,"WATERLOO, ON",74256.0,94024.0,2023-10-25,2023-11-22
LEAD FINANCIAL ANALYST,OPEN TEXT CORPORATION,"WATERLOO, ON",74256.0,94024.0,2023-10-25,2023-11-22
TECHNICAL SUPPORT SPECIALIST,OPENTEXT,"WATERLOO, ON",52041.0,65896.0,2023-10-25,2023-11-22
SOLUTIONS DEVELOPER,CHALLENGER MOTOR FREIGHT INC,"CAMBRIDGE, ON",69588.0,88114.0,2023-10-25,2023-10-25
"VP, CORPORATE TECHNOLOGY",OPEN TEXT CORPORATION,"WATERLOO, ON",81059.0,102639.0,2023-10-25,2023-10-25
LEAD SECURITY COMPLIANCE ANALYST - COMPLIANCE STRATEGY,OPEN TEXT CORPORATION,"WATERLOO, ON",79794.0,101037.0,2023-10-25,2023-11-22
SENIOR CONTROL SOFTWARE ENGINEER,CANADIAN SOLAR,"GUELPH, ON",111394.0,141050.0,2023-10-25,2023-11-22
SR. TECHNICAL SUPPORT SPECIALIST,OPENTEXT,"WATERLOO, ON",60453.0,76547.0,2023-10-25,2023-11-08
LEAD ACCOUNTANT (CONTRACTOR),OPENTEXT,"WATERLOO, ON",72508.0,91811.0,2023-10-25,2023-11-22
BENEFITS PROGRAM MANAGER,OPEN TEXT CORPORATION,"WATERLOO, ON",89735.0,113625.0,2023-10-25,2023-10-25
LEAD ACCOUNTANT (CONTRACTOR),OPEN TEXT CORPORATION,"WATERLOO, ON",72508.0,91811.0,2023-10-25,2023-11-22
CLIENT MANAGER - PROFESSIONAL SERVICES SALES 1 1,OPENTEXT,"WATERLOO, ON",80717.0,102206.0,2023-10-25,2023-11-01
CLOUD ENGINEER (AWS),SUN LIFE,"WATERLOO, ON",61000.0,101000.0,2023-10-25,2023-10-25
SR. TECHNICAL SUPPORT SPECIALIST,OPEN TEXT CORPORATION,"WATERLOO, ON",60453.0,76547.0,2023-10-25,2023-11-08
SR. PROGRAM MANAGER (CONTRACTS),OPENTEXT,"WATERLOO, ON",69487.0,87986.0,2023-10-25,2023-11-22
CLIENT MANAGER - PROFESSIONAL SERVICES SALES 1 1,OPEN TEXT CORPORATION,"WATERLOO, ON",80717.0,102206.0,2023-10-25,2023-11-01
BENEFITS PROGRAM MANAGER,OPENTEXT,"WATERLOO, ON",89735.0,113625.0,2023-10-25,2023-10-25
SR. PROGRAM MANAGER (CONTRACTS),OPEN TEXT CORPORATION,"WATERLOO, ON",69487.0,87986.0,2023-10-25,2023-11-22
SENIOR SOFTWARE RESEARCHER,OPENTEXT,"WATERLOO, ON",82528.0,104499.0,2023-10-25,2023-11-22
CLOUD SYSTEMS ADMINISTRATOR,OPEN TEXT CORPORATION,"WATERLOO, ON",76714.0,97137.0,2023-10-25,2023-11-01
BUSINESS ANALYST,OPEN TEXT CORPORATION,"WATERLOO, ON",73381.0,92917.0,2023-10-25,2023-11-08
.NET SOFTWARE DEVELOPER,ISB GLOBAL SERVICES,"GUELPH, ON",96837.0,122617.0,2023-10-25,2023-11-22
FULL STACK ENGINEER,ENERZA,"WATERLOO, ON",81053.0,102632.0,2023-10-25,2023-11-22
"STAFF SOFTWARE ENGINEER, APPDEV",SIEMENS,"KITCHENER, ON",107458.0,136065.0,2023-10-25,2023-10-25
JAVA DEVELOPER (BACKEND),PROSPECT,"KITCHENER, ON",105798.0,133965.0,2023-10-25,2023-11-22
TECHNICAL SUPPORT SPECIALIST,OPEN TEXT CORPORATION,"WATERLOO, ON",52041.0,65896.0,2023-10-25,2023-11-22
BACK-END SOFTWARE ENGINEER,MANULIFE,"WATERLOO, ON",101964.0,129109.0,2023-10-25,2023-10-25
SOFTWARE DEVELOPER,RICOH CANADA,"KITCHENER, ON",84461.0,106946.0,2023-10-25,2023-11-22
SOFTWARE ENGINEER,NAVBLUE INC,"WATERLOO, ON",70000.0,110000.0,2023-10-25,2023-11-22
"APPLICATION SUPPORT ENGINEER, CLOUD",SUN LIFE,"WATERLOO, ON",82000.0,135000.0,2023-10-25,2023-11-08
INNOVATION ARCHITECT,OPEN TEXT CORPORATION,"WATERLOO, ON",71719.0,90812.0,2023-10-25,2023-11-22
BUSINESS ANALYST,OPENTEXT,"WATERLOO, ON",73381.0,92917.0,2023-10-25,2023-11-08
PRINCIPAL FIRMWARE DEVELOPER,ONSEMI,"WATERLOO, ON",68902.0,87245.0,2023-10-25,2023-10-25
DEVOPS ENGINEER,PALITRONICA INC.,"WATERLOO, ON",97397.0,123327.0,2023-10-25,2023-11-22
AUTOMATION ENGINEER,NFINITE NANOTECH,"WATERLOO, ON",75456.0,95544.0,2023-10-25,2023-11-22
INNOVATION ARCHITECT,OPENTEXT,"WATERLOO, ON",71719.0,90812.0,2023-10-25,2023-11-22
PRODUCTION SUPPORT SPECIALIST,OPENTEXT,"WATERLOO, ON",53157.0,67309.0,2023-10-25,2023-11-22
SENIOR SOFTWARE DEVELOPER - FULL STACK,CAMIS,"GUELPH, ON",85263.0,107962.0,2023-10-25,2023-11-01
PRODUCTION SUPPORT SPECIALIST,OPEN TEXT CORPORATION,"WATERLOO, ON",53157.0,67309.0,2023-10-25,2023-11-22
SENIOR DOTNET DEVELOPER,AG ENERGY CO-OPERATIVE LTD.,"GUELPH, ON",102924.0,130324.0,2023-10-25,2023-11-22
CONTROLS PROGRAMMER (LEAD),PRIME AUTOMATION INC,"WATERLOO, ON",,,2023-10-25,2023-11-22
WORDPRESS DEVELOPER,RKD WEB STUDIOS,"GUELPH, ON",64142.0,81218.0,2023-10-25,2023-11-08
"VP, ENTERPRISE ARCHITECTURE",OPEN TEXT CORPORATION,"WATERLOO, ON",81059.0,102639.0,2023-11-01,2023-11-22
HEAD OF SOFTWARE DEVELOPMENT,GHD,"WATERLOO, ON",133598.0,169165.0,2023-11-01,2023-11-22
SR. PRODUCT MANAGER,OPEN TEXT CORPORATION,"WATERLOO, ON",110674.0,140139.0,2023-11-01,2023-11-22
"SENIOR TECHNOLOGY SPECIALIST, DIGITAL DEVELOPER",EQUITABLE,"WATERLOO, ON",88457.0,112007.0,2023-11-01,2023-11-22
SR. PRODUCT MANAGER,OPENTEXT,"WATERLOO, ON",110674.0,140139.0,2023-11-01,2023-11-22
SR. PRODUCTION SUPPORT SPECIALIST,OPENTEXT,"WATERLOO, ON",67062.0,84916.0,2023-11-01,2023-11-22
SENIOR SOFTWARE ENGINEER - ARCHER (CONTRACT),SUN LIFE,"WATERLOO, ON",82000.0,135000.0,2023-11-01,2023-11-22
JR. FULL STACK DEVELOPMENT TRAINING & PAID INTERNSHIP,PREPR,"GUELPH, ON",,,2023-11-01,2023-11-01
CLOUD ENGINEER - AWS,PROCOM,VARIOUS LOCATIONS,,,2023-11-01,2023-11-01
SENIOR CONTROLS SOFTWARE DEVELOPER,OTTO MOTORS BY ROCKWELL AUTOMATION,"KITCHENER, ON",87859.0,111249.0,2023-11-01,2023-11-22
SQL DATABASE ADMINISTRATOR(INTERMEDIATE EXPERIENCED),OPEN TEXT CORPORATION,"WATERLOO, ON",93137.0,117932.0,2023-11-01,2023-11-22
"DIRECTOR, PRODUCT MARKETING",OPENTEXT,"WATERLOO, ON",104966.0,132911.0,2023-11-01,2023-11-08
SQL DATABASE ADMINISTRATOR(INTERMEDIATE EXPERIENCED),OPENTEXT,"WATERLOO, ON",93137.0,117932.0,2023-11-01,2023-11-22
LEAD SECURITY COMPLIANCE ANALYST - COMPLIANCE STRATEGY,OPENTEXT,"WATERLOO, ON",79794.0,101037.0,2023-11-01,2023-11-22
"SR. MANAGER, CORPORATE ACCOUNTING",OPENTEXT,"WATERLOO, ON",81315.0,102963.0,2023-11-01,2023-11-01
BENEFITS MANAGER,OPENTEXT,"WATERLOO, ON",84236.0,106661.0,2023-11-01,2023-11-15
"DIRECTOR, PRODUCT MARKETING",OPEN TEXT CORPORATION,"WATERLOO, ON",104966.0,132911.0,2023-11-01,2023-11-08
"SR. MANAGER, CORPORATE ACCOUNTING",OPEN TEXT CORPORATION,"WATERLOO, ON",81315.0,102963.0,2023-11-01,2023-11-08
"VP, ENTERPRISE ARCHITECTURE",OPENTEXT,"WATERLOO, ON",81059.0,102639.0,2023-11-01,2023-11-22
BENEFITS MANAGER,OPEN TEXT CORPORATION,"WATERLOO, ON",84236.0,106661.0,2023-11-01,2023-11-15
"INTERMEDIATE TECHNOLOGY SPECIALIST, DIGITAL DEVELOPER",EQUITABLE,"WATERLOO, ON",86531.0,109567.0,2023-11-01,2023-11-22
FULL-STACK DEVELOPER (PYTHON),DESCARTES,"WATERLOO, ON",89003.0,112698.0,2023-11-01,2023-11-01
SOFTWARE DEVELOPMENT ENGINEER IN TEST,SUN LIFE,"WATERLOO, ON",61000.0,101000.0,2023-11-01,2023-11-22
LEAD SOFTWARE DEVELOPER,OPEN TEXT CORPORATION,"WATERLOO, ON",99852.0,126435.0,2023-11-01,2023-11-22
SENIOR INTEGRATION DEVELOPER,CARTA,"WATERLOO, ON",91155.0,115422.0,2023-11-01,2023-11-22
SOFTWARE DEVELOPER,WHAT JOBS,"KITCHENER, ON",,,2023-11-01,2023-11-22
SOFTWARE DEVELOPER,WHAT JOBS,"WATERLOO, ON",,,2023-11-01,2023-11-22
SENIOR SOFTWARE DEVELOPER,CLOUDAID INC,"TORONTO, ON",72800.0,72800.0,2023-11-01,2023-11-22
SOFTWARE DEVELOPER,HP INC.,"KITCHENER, ON",,,2023-11-01,2023-11-01
SOFTWARE DEVELOPER,ALLUDO,"WATERLOO, ON",,,2023-11-01,2023-11-01
SOFTWARE DEVELOPER,CLEARPATH ROBOTICS,"KITCHENER, ON",,,2023-11-01,2023-11-22
FULL STACK SOFTWARE ENGINEER,MANULIFE,"WATERLOO, ON",89849.0,113769.0,2023-11-01,2023-11-01
CLOUD SOFTWARE DEVELOPER,HP,"KITCHENER, ON",99722.0,126270.0,2023-11-01,2023-11-08
"SOFTWARE DEVELOPER III, GOOGLE WORKSPACE",GOOGLE,"WATERLOO, ON",,,2023-11-01,2023-11-08
SOFTWARE DEVELOPER - AI TRAINER (CONTRACT),DATAANNOTATION,"WATERLOO, ON",85280.0,85280.0,2023-11-01,2023-11-01
BI REPORT DEVELOPER-DECISION SUPPORT,ST. MARY’S GENERAL HOSPITAL,"KITCHENER, ON",76960.0,,2023-11-01,2023-11-01
AI SOFTWARE DEVELOPMENT ENGINEER,"MUSASHI AI NORTH AMERICA, INC.","WATERLOO, ON",84264.0,106697.0,2023-11-01,2023-11-08
SOFTWARE QUALITY ENGINEER,SUN LIFE,"WATERLOO, ON",61000.0,101000.0,2023-11-01,2023-11-08
"INTERMEDIATE IMAGE SPECIALIST, PRODUCT DEVELOPER",CHRISTIE DIGITAL SYSTEMS INC.,"KITCHENER, ON",66061.0,83648.0,2023-11-01,2023-11-22
"INTERMEDIATE IMAGE SPECIALIST, PRODUCT DEVELOPER",CHRISTIE DIGITAL,"KITCHENER, ON",66503.0,84208.0,2023-11-01,2023-11-22
LEAD SOFTWARE DEVELOPER,OPENTEXT,"WATERLOO, ON",99852.0,126435.0,2023-11-01,2023-11-22
SENIOR CLOUD OPS ENGINEER,MAGNET FORENSICS,"WATERLOO, ON",106188.0,134458.0,2023-11-01,2023-11-08
FRONTEND SOFTWARE DEVELOPER - INTERMEDIATE,MONERIS SOLUTIONS,VARIOUS LOCATIONS,72504.0,91807.0,2023-11-01,2023-11-01
SR. PRODUCTION SUPPORT SPECIALIST,OPEN TEXT CORPORATION,"WATERLOO, ON",67062.0,84916.0,2023-11-01,2023-11-22
"DEVELOPER, APPLICATION SOLUTIONS",CAA NORTH & EAST ONTARIO,VARIOUS LOCATIONS,,,2023-11-01,2023-11-22
WORDPRESS DEVELOPER,RKD,"GUELPH, ON",70359.0,89090.0,2023-11-01,2023-11-22
BACKEND / DJANGO DEVELOPER,COULTER SOFTWARE INC.,VARIOUS LOCATIONS,55000.0,80000.0,2023-11-01,2023-11-01
"LEAD TECHNOLOGY SPECIALIST, DIGITAL DEVELOPER",EQUITABLE,"WATERLOO, ON",100782.0,127613.0,2023-11-01,2023-11-22
KEY ACCOUNT BUSINESS DEVELOPMENT LEADER (GLOBAL AFTER SALES & SERVICE),ATS AUTOMATION TOOLING SYSTEMS,"CAMBRIDGE, ON",46035.0,58291.0,2023-11-08,2023-11-22
CNC MACHINIST/PROGRAMMER,GUELPH MANUFACTURING GROUP INC.,"GUELPH, ON",55034.0,69685.0,2023-11-08,2023-11-22
CLIENT MANAGER,OPEN TEXT CORPORATION,"WATERLOO, ON",83619.0,105881.0,2023-11-08,2023-11-22
COLLECTIONS SPECIALIST,OPEN TEXT CORPORATION,"WATERLOO, ON",52321.0,66251.0,2023-11-08,2023-11-22
JR. FULL STACK DEVELOPMENT TRAINING & PAID INTERNSHIP (SFS),PREPR,"GUELPH, ON",,,2023-11-08,2023-11-08
APACHE CAMEL DEVELOPER,PROCOM,VARIOUS LOCATIONS,,,2023-11-08,2023-11-08
SR. REVENUE OPERATIONS ANALYST,OPENTEXT,"WATERLOO, ON",60804.0,76992.0,2023-11-08,2023-11-15
SENIOR SIMULATION DEVELOPER,CLEARPATH ROBOTICS INC.,"KITCHENER, ON",123000.0,150000.0,2023-11-08,2023-11-22
SR. FINANCIAL ANALYST,OPEN TEXT CORPORATION,"WATERLOO, ON",64989.0,82291.0,2023-11-08,2023-11-22
SR. ORDER ADMINISTRATION SPECIALIST,OPEN TEXT CORPORATION,"WATERLOO, ON",50742.0,64250.0,2023-11-08,2023-11-08
WORKPLACE SECURITY MANAGER,OPEN TEXT CORPORATION,"WATERLOO, ON",93317.0,118161.0,2023-11-08,2023-11-22
SENIOR JAVA ENGINEER - 8+ YEARS,VENUITI,"KITCHENER, ON",97730.0,123748.0,2023-11-08,2023-11-15
CLIENT MANAGER,OPENTEXT,"WATERLOO, ON",83619.0,105881.0,2023-11-08,2023-11-22
WORKPLACE SECURITY MANAGER,OPENTEXT,"WATERLOO, ON",93317.0,118161.0,2023-11-08,2023-11-22
"SR. MANAGER, RENEWALS",OPEN TEXT CORPORATION,"WATERLOO, ON",79929.0,101208.0,2023-11-08,2023-11-22
309A LEAD ELECTRICIAN/CONTROLS TECHNICIAN/PROGRAMMER,DCA CONTROLS,VARIOUS LOCATIONS,62400.0,,2023-11-08,2023-11-08
DIGITAL MARKETING MANAGER-VENDOR PROGRAMS,OPENTEXT,"WATERLOO, ON",83776.0,106079.0,2023-11-08,2023-11-22
DIGITAL MARKETING MANAGER-ABM,OPEN TEXT CORPORATION,"WATERLOO, ON",77817.0,98534.0,2023-11-08,2023-11-22
DIGITAL MARKETING MANAGER-ABM,OPENTEXT,"WATERLOO, ON",77817.0,98534.0,2023-11-08,2023-11-22
"SR. MANAGER, RENEWALS",OPENTEXT,"WATERLOO, ON",79929.0,101208.0,2023-11-08,2023-11-22
SR. FINANCIAL ANALYST,OPENTEXT,"WATERLOO, ON",64989.0,82291.0,2023-11-08,2023-11-22
"VICE PRESIDENT, GLOBAL REAL ESTATE AND FACILITIES",OPENTEXT,"WATERLOO, ON",97770.0,123798.0,2023-11-08,2023-11-22
COLLECTIONS SPECIALIST,OPENTEXT,"WATERLOO, ON",52321.0,66251.0,2023-11-08,2023-11-22
SRE CLOUD NETWORK ENGINEER,NCR,"WATERLOO, ON",100645.0,127439.0,2023-11-08,2023-11-08
DIGITAL MARKETING MANAGER-VENDOR PROGRAMS,OPEN TEXT CORPORATION,"WATERLOO, ON",83776.0,106079.0,2023-11-08,2023-11-22
SR. ORDER ADMINISTRATION SPECIALIST,OPENTEXT,"WATERLOO, ON",50742.0,64250.0,2023-11-08,2023-11-08
SOFTWARE ENGINEER,NCR,"WATERLOO, ON",108578.0,137484.0,2023-11-08,2023-11-22
SOFTWARE ENGINEER (HYBRID REMOTE FRIENDLY),IMAGINE COMMUNICATIONS,"WATERLOO, ON",60766.0,76943.0,2023-11-08,2023-11-08
FIRMWARE DEVELOPER- NEW GRADUATE,SIEMENS,"KITCHENER, ON",81879.0,103677.0,2023-11-08,2023-11-22
"SENIOR SOFTWARE DEVELOPER, GOOGLE CLOUD COMPUTE",GOOGLE,"WATERLOO, ON",,,2023-11-08,2023-11-22
SENIOR SOFTWARE DEVELOPER,ENCIRCLE,"KITCHENER, ON",103935.0,131605.0,2023-11-08,2023-11-22
FRONT END DEVELOPER (HYBRID REMOTE FRIENDLY),IMAGINE COMMUNICATIONS,"WATERLOO, ON",56671.0,71758.0,2023-11-08,2023-11-22
CNC PROGRAMMER/OPERATOR,JEFFERSON ELORA CORPORATION,"ELORA, ON",64480.0,,2023-11-08,2023-11-22
(JUNIOR) C++ SOFTWARE DEVELOPER,MAXON COMPUTER,"WATERLOO, ON",53723.0,68026.0,2023-11-08,2023-11-08
JAVA DEVELOPER - LMIA,VENUITI,"KITCHENER, ON",90000.0,90000.0,2023-11-08,2023-11-15
FULL-STACK DEVELOPER,DESCARTES,"WATERLOO, ON",95725.0,121209.0,2023-11-08,2023-11-22
SENIOR SOFTWARE DEVELOPER,ONSEMI,"WATERLOO, ON",92591.0,117241.0,2023-11-08,2023-11-22
SOFTWARE DEVELOPER,ORACLE,"KITCHENER, ON",,,2023-11-08,2023-11-08
CLOUD DEVELOPER,CMS MONTERA,"CAMBRIDGE, ON",70000.0,90000.0,2023-11-08,2023-11-22
"SENIOR SOFTWARE DEVELOPER, MACHINE LEARNING, GOOGLE WORKSPACE",GOOGLE,"WATERLOO, ON",,,2023-11-08,2023-11-22
WIRE EDM PROGRAMMER SETUP OPERATOR,ODC TOOLING AND MOLDS,"WATERLOO, ON",49780.0,63033.0,2023-11-08,2023-11-08
FULL-STACK SOFTWARE ENGINEER,MANULIFE,"WATERLOO, ON",102995.0,130415.0,2023-11-08,2023-11-22
C/C++ SOFTWARE ENGINEER,BICDROID INC,"WATERLOO, ON",96572.0,122281.0,2023-11-08,2023-11-22
SOFTWARE DEVELOPER CO-OP (WINTER 2024),RICOH CANADA,"KITCHENER, ON",62820.0,79544.0,2023-11-08,2023-11-22
"STAFF SOFTWARE DEVELOPER, GOOGLE CLOUD PLATFORMS",GOOGLE,"WATERLOO, ON",,,2023-11-08,2023-11-15
"VICE PRESIDENT, GLOBAL REAL ESTATE AND FACILITIES",OPEN TEXT CORPORATION,"WATERLOO, ON",97770.0,123798.0,2023-11-08,2023-11-22
SOFTWARE ENGINEER,MAGNET FORENSICS,"WATERLOO, ON",105959.0,134168.0,2023-11-08,2023-11-15
SR. REVENUE OPERATIONS ANALYST,OPEN TEXT CORPORATION,"WATERLOO, ON",60804.0,76992.0,2023-11-08,2023-11-15
LEAD PEGA SOFTWARE ENGINEER,SUN LIFE,"KITCHENER, ON",82000.0,135000.0,2023-11-08,2023-11-08
SENIOR FULL STACK SOFTWARE ENGINEER,MANULIFE,VARIOUS LOCATIONS,105010.0,132966.0,2023-11-08,2023-11-08
SENIOR FULLSTACK SOFTWARE DEVELOPER,GEOTAB,"WATERLOO, ON",89881.0,113809.0,2023-11-08,2023-11-22
LIFE SKILLS - CONTENT DEVELOPER (2 POSITIONS),ANISHNABEG OUTREACH TRAINING AND EMPLOYMENT INC,"KITCHENER, ON",60462.0,76558.0,2023-11-08,2023-11-08
SR. SOFTWARE ENGINEER,DREAM CATCHER GROUP LIMITED,"KITCHENER, ON",90000.0,100000.0,2023-11-08,2023-11-22
SENIOR INDUSTRIAL SIMULATION DEVELOPER,CLEARPATH ROBOTICS INC.,"KITCHENER, ON",69179.0,152189.0,2023-11-08,2023-11-22
JUNIOR PROGRAMMER - TEMPORARY FULL-TIME (RECREATION),ST. JOSEPH'S HEALTH CENTRE GUELPH,"GUELPH, ON",45637.0,57787.0,2023-11-15,2023-11-22
BHJOB15656_31081 - JUNIOR SOFTWARE DEVELOPER,MYTICAS CONSULTING,VARIOUS LOCATIONS,58526.0,74107.0,2023-11-15,2023-11-22
PROGRAM MANAGER,OPEN TEXT CORPORATION,"WATERLOO, ON",62699.0,79391.0,2023-11-15,2023-11-22
PROGRAM MANAGER,OPENTEXT,"WATERLOO, ON",62699.0,79391.0,2023-11-15,2023-11-22
ORDER ADMINISTRATION SPECIALIST,OPEN TEXT CORPORATION,"WATERLOO, ON",58726.0,74360.0,2023-11-15,2023-11-22
SRE CLOUD NETWORK ARCHITECT,NCR,"WATERLOO, ON",90045.0,114017.0,2023-11-15,2023-11-22
SOFTWARE ENGINEERING PROGRAM MANAGER,UNIVERSITY OF WATERLOO,"WATERLOO, ON",86281.0,109251.0,2023-11-15,2023-11-22
COLLECTION DEVELOPMENT REPORTING AND ASSESSMENT ANALYST,UNIVERSITY OF WATERLOO,"WATERLOO, ON",78457.0,99344.0,2023-11-15,2023-11-22
SR. FINANCIAL REPORTING ANALYST,OPEN TEXT CORPORATION,"WATERLOO, ON",65791.0,83306.0,2023-11-15,2023-11-22
SR. RPA BUSINESS ANALYST,OPENTEXT,"WATERLOO, ON",74081.0,93804.0,2023-11-15,2023-11-22
JUNIOR PROGRAMMER - TEMPORARY FULL-TIME (RECREATION),ST. JOSEPH’S,"GUELPH, ON",45637.0,57787.0,2023-11-15,2023-11-22
SR. FINANCIAL REPORTING ANALYST,OPENTEXT,"WATERLOO, ON",65791.0,83306.0,2023-11-15,2023-11-22
SENIOR FPGA DEVELOPER,CHRISTIE DIGITAL,"KITCHENER, ON",92342.0,116926.0,2023-11-15,2023-11-22
WEB ANALYTICS MANAGER,OPENTEXT,"WATERLOO, ON",64507.0,81680.0,2023-11-15,2023-11-22
SR. REVENUE OPERATIONS ANALYST - SALESFORCE.COM,OPENTEXT,"WATERLOO, ON",50202.0,63567.0,2023-11-15,2023-11-22
JUNIOR PROGRAMMER - FULL TIME (RECREATION),ST. JOSEPH’S,"GUELPH, ON",45637.0,57787.0,2023-11-15,2023-11-22
SR. ENVIRONMENTAL FACILITIES PROGRAM MANAGER,OPENTEXT,"WATERLOO, ON",111585.0,141292.0,2023-11-15,2023-11-22
"SENIOR CLOUD SECURITY ENGINEER- REMOTE, ONTARIO",SMILE DIGITAL HEALTH,"KITCHENER, ON",129190.0,163583.0,2023-11-15,2023-11-22
JUNIOR PROGRAMMER - FULL TIME (RECREATION),ST. JOSEPH'S HEALTH CENTRE GUELPH,"GUELPH, ON",45637.0,57787.0,2023-11-15,2023-11-22
LEAD DEVOPS ENGINEER,SUN LIFE,"WATERLOO, ON",82000.0,135000.0,2023-11-15,2023-11-22
ORDER ADMINISTRATION SPECIALIST,OPENTEXT,"WATERLOO, ON",58726.0,74360.0,2023-11-15,2023-11-22
LEAD PEGA SOFTWARE ENGINEER,SUN LIFE,"WATERLOO, ON",82000.0,135000.0,2023-11-15,2023-11-15
SR. REVENUE OPERATIONS ANALYST - SALESFORCE.COM,OPEN TEXT CORPORATION,"WATERLOO, ON",50202.0,63567.0,2023-11-15,2023-11-22
SR. ENVIRONMENTAL FACILITIES PROGRAM MANAGER,OPEN TEXT CORPORATION,"WATERLOO, ON",111585.0,141292.0,2023-11-15,2023-11-22
SOFTWARE ENGINEER - REMOTE (CANADA),TEAMVIEWER,"KITCHENER, ON",93341.0,118190.0,2023-11-15,2023-11-22
"SOFTWARE DEVELOPER III, GOOGLE CLOUD PLATFORMS",GOOGLE,"WATERLOO, ON",,,2023-11-15,2023-11-15
SOFTWARE DEVELOPER IN TEST AND AUTOMATION (INTERMEDIATE/SENIOR),RIDECO,"WATERLOO, ON",90000.0,110000.0,2023-11-15,2023-11-22
"SOFTWARE ENGINEER - REMOTE (WATERLOO, ON)",TEAMVIEWER,"WATERLOO, ON",91469.0,115821.0,2023-11-15,2023-11-22
SENIOR FULL-STACK SOFTWARE ENGINEER,MANULIFE,"WATERLOO, ON",102123.0,129310.0,2023-11-15,2023-11-22
M365 SHAREPOINT DEVELOPER,UNIVERSITY OF WATERLOO,"WATERLOO, ON",69636.0,88175.0,2023-11-15,2023-11-22
MANUFACTURING SOFTWARE DEVELOPER – TEST STATION,FORD MOTOR COMPANY,"WATERLOO, ON",82246.0,104141.0,2023-11-15,2023-11-22
SOLUTION DEVELOPER,ZORTECH SOLUTIONS,"KITCHENER, ON",50677.0,64169.0,2023-11-15,2023-11-22
SENIOR FPGA DEVELOPER,CHRISTIE DIGITAL SYSTEMS INC.,"KITCHENER, ON",97352.0,123270.0,2023-11-15,2023-11-22
SOFTWARE DEVELOPER,GLOBAL OPERATION INTEGRITY INC.,"WATERLOO, ON",45000.0,65000.0,2023-11-15,2023-11-22
SOFTWARE DEVELOPER,N. HARRIS COMPUTER CORPORATION - USA,"CAMBRIDGE, ON",,,2023-11-15,2023-11-22
SOFTWARE DEVELOPER,UNIVERSITY OF WATERLOO,"WATERLOO, ON",,,2023-11-15,2023-11-22
SOFTWARE DEVELOPER,NAVITAS VEHICLE SYSTEMS,"WATERLOO, ON",61435.0,77790.0,2023-11-15,2023-11-22
"LEAD TECHNOLOGY SPECIALIST, BI DEVELOPER",EQUITABLE,"WATERLOO, ON",104858.0,132774.0,2023-11-15,2023-11-22
WEB ANALYTICS MANAGER,OPEN TEXT CORPORATION,"WATERLOO, ON",64507.0,81680.0,2023-11-15,2023-11-22
FLUTTER UI DEVELOPER,SNAPPY INNOVATION INC.,VARIOUS LOCATIONS,80000.0,120000.0,2023-11-15,2023-11-15
SR. RPA BUSINESS ANALYST,OPEN TEXT CORPORATION,"WATERLOO, ON",74081.0,93804.0,2023-11-15,2023-11-22
SENIOR STAFF BACKEND ENGINEER,RECRUITING FROM SCRATCH,"WATERLOO, ON",190000.0,250000.0,2023-11-15,2023-11-22
FULL STACK DEVELOPER,PROCOM,VARIOUS LOCATIONS,,,2023-11-15,2023-11-15
INFORMATION TECHNOLOGY SPECIALIST - RESEARCH SOFTWARE SUPPORT,UNIVERSITY OF WATERLOO,"WATERLOO, ON",68015.0,86123.0,2023-11-15,2023-11-22
DEVOPS DEVELOPER,BEVERTEC CST INC,VARIOUS LOCATIONS,100000.0,100000.0,2023-11-15,2023-11-15
SENIOR .NET DEVELOPER,VENUITI,"WATERLOO, ON",79655.0,100861.0,2023-11-15,2023-11-22
SENIOR SOFTWARE ENGINEER (API/.NET),SUN LIFE,"WATERLOO, ON",82000.0,135000.0,2023-11-15,2023-11-22
"COMMUNITY HEALTH REPRESENTATIVE-RELOCATE TO PORT HARDY, B.C",GWA'SALA-'NAKWAXD'XW NATIONS,VARIOUS LOCATIONS,49920.0,,2023-11-22,2023-11-22
LEAD SECURITY ANALYST,OPEN TEXT CORPORATION,"WATERLOO, ON",93444.0,118321.0,2023-11-22,2023-11-22
STAFF DEVOPS DEVELOPER,MAPPEDIN,"WATERLOO, ON",73268.0,92774.0,2023-11-22,2023-11-22
"DIRECTOR, ORGANIZATIONAL EFFECTIVENESS",OPENTEXT,"WATERLOO, ON",113773.0,144063.0,2023-11-22,2023-11-22
"MANAGER, SOFTWARE ENGINEERING",OPENTEXT,"WATERLOO, ON",104308.0,132077.0,2023-11-22,2023-11-22
SENIOR DRUPAL DEVELOPER,SUREX,VARIOUS LOCATIONS,72311.0,91562.0,2023-11-22,2023-11-22
SENIOR ENGINEERING MANAGER,CARTA,"WATERLOO, ON",96240.0,121862.0,2023-11-22,2023-11-22
"SENIOR SOFTWARE ENGINEER, COMPUTER VISION ( HYBRID)",SIEMENS,"KITCHENER, ON",100697.0,127506.0,2023-11-22,2023-11-22
"MANAGER, SOFTWARE ENGINEERING",OPEN TEXT CORPORATION,"WATERLOO, ON",104308.0,132077.0,2023-11-22,2023-11-22
FIRST NATIONS / INUIT / MÉTIS - HR DIGITAL SOLUTION DEVELOPER,BMO FINANCIAL GROUP,VARIOUS LOCATIONS,74245.0,94011.0,2023-11-22,2023-11-22
"DIRECTOR, ORGANIZATIONAL EFFECTIVENESS",OPEN TEXT CORPORATION,"WATERLOO, ON",113773.0,144063.0,2023-11-22,2023-11-22
LEAD SECURITY ANALYST,OPENTEXT,"WATERLOO, ON",93444.0,118321.0,2023-11-22,2023-11-22
"SENIOR INFORMATION SECURITY ENGINEER,CLOUD - REMOTE, ON",SMILE DIGITAL HEALTH,"KITCHENER, ON",122515.0,155132.0,2023-11-22,2023-11-22
"MANAGER, CORPORATE ACCOUNTING",OPEN TEXT CORPORATION,"WATERLOO, ON",79552.0,100731.0,2023-11-22,2023-11-22
"MANAGER, CORPORATE ACCOUNTING",OPENTEXT,"WATERLOO, ON",79552.0,100731.0,2023-11-22,2023-11-22
EMPLOYEE RELATIONS MANAGER,OPENTEXT,"WATERLOO, ON",76633.0,97034.0,2023-11-22,2023-11-22
SR. REVENUE OPERATIONS ANALYST 1,OPENTEXT,"WATERLOO, ON",62406.0,79020.0,2023-11-22,2023-11-22
EMPLOYEE RELATIONS MANAGER,OPEN TEXT CORPORATION,"WATERLOO, ON",76633.0,97034.0,2023-11-22,2023-11-22
SR. REVENUE OPERATIONS ANALYST 1,OPEN TEXT CORPORATION,"WATERLOO, ON",62406.0,79020.0,2023-11-22,2023-11-22
SOFTWARE DEVELOPER,SUN LIFE FINANCIAL,"WATERLOO, ON",,,2023-11-22,2023-11-22
SOFTWARE DEVELOPER,RIDECO,"WATERLOO, ON",,,2023-11-22,2023-11-22
WEB DEVELOPER (AEM ARCHITECT),BLACKBERRY,"WATERLOO, ON",83601.0,105858.0,2023-11-22,2023-11-22
SOFTWARE DEVELOPER I,ATS AUTOMATION TOOLING SYSTEMS,"CAMBRIDGE, ON",88372.0,111899.0,2023-11-22,2023-11-22
SENIOR SOFTWARE ENGINEER/TEAM LEAD,DESCARTES,"WATERLOO, ON",156268.0,197870.0,2023-11-22,2023-11-22
SR. ANDROID DEVELOPER,OPEN TEXT CORPORATION,"WATERLOO, ON",96002.0,121560.0,2023-11-22,2023-11-22
DATA SCIENTIST AND SEARCH API DEVELOPER,OPENTEXT,"WATERLOO, ON",76935.0,97417.0,2023-11-22,2023-11-22
SR. ANDROID DEVELOPER,OPENTEXT,"WATERLOO, ON",96002.0,121560.0,2023-11-22,2023-11-22
SOFTWARE DEVELOPER,OPEN TEXT CORPORATION,"WATERLOO, ON",72216.0,91442.0,2023-11-22,2023-11-22
"SENIOR TECHNOLOGY SPECIALIST, ENTERPRISE PLATFORMS DEVELOPER",EQUITABLE,"WATERLOO, ON",87385.0,110648.0,2023-11-22,2023-11-22
SOFTWARE DEVELOPER,OPENTEXT,"WATERLOO, ON",72216.0,91442.0,2023-11-22,2023-11-22
TEST ENGINEER,KA IMAGING INC,"WATERLOO, ON",75195.0,95214.0,2023-11-22,2023-11-22
SENIOR JAVA DEVELOPER,VENUITI,"KITCHENER, ON",86589.0,109641.0,2023-11-22,2023-11-22
DATA SCIENTIST AND SEARCH API DEVELOPER,OPEN TEXT CORPORATION,"WATERLOO, ON",76935.0,97417.0,2023-11-22,2023-11-22
LEAD SOFTWARE ENGINEER (POWERCENTER/AWS/MAINFRAME),SUN LIFE,"WATERLOO, ON",82000.0,135000.0,2023-11-22,2023-11-22
